"86","85","86","89","86","86","112","52","123","52","87","86","102","104","97","41","22","76","82","86","107","103","59","79","152","90","85","105","125","74","42","136","74","88","102","103","94","34","85","93"
"93","104","155","31","41","152","63","86","110","78","63","82","202","84","87","114","135","55","137","57","85","85","93","134","61","111","104","80","85","109","92","80","43","136","92","87","98","139","47","44"
"121","83","82","88","104","127","35","50","121","89","84","126","134","102","139","114","-11","81","96","123","114","55","116","75","81","96","100","131","57","197","154","81","99","101","125","75","89","60","84","90"
"108","106","90","26","6","98","92","103","106","39","31","95","96","83","151","135","107","112","125","197","76","104","107","124","76","67","123","85","85","102","124","60","52","125","77","86","85","133","75","61"
"70","172","85","87","101","94","50","49","87","104","92","104","111","39","31","98","87","89","99","129","41","37","142","12","86","105","146","107","52","97","9","89","102","100","106","81","64","121","83","87"
"104","106","95","44","132","34","87","99","98","108","41","45","98","87","85","89","142","108","149","103","39","88","102","104","45","71","69","42","84","88","80","141","59","55","101","68","81","82","103","122"
"36","41","78","81","80","144","127","108","30","11","80","84","108","135","112","56","130","2","90","86","98","99","39","58","72","96","84","93","135","110","134","137","28","85","101","104","119","62","96","124"
"85","88","109","-5","38","57","137","89","83","121","96","95","35","97","98","87","100","119","100","143","99","23","85","116","145","107","48","130","78","88","86","108","111","39","60","33","97","86","104","88"
"72","39","135","87","91","102","111","47","45","88","92","88","104","99","37","35","98","87","85","147","146","107","37","15","58","86","88","144","67","51","93","117","84","86","99","115","35","37","82","76"
"89","155","128","102","46","102","89","85","78","143","50","43","123","99","85","99","105","125","68","72","131","87","84","100","137","36","43","75","96","81","107","106","31","75","76","94","94","123","46","42"
"121","77","84","122","132","110","49","135","75","82","86","102","106","49","60","75","89","88","87","96","94","81","115","49","38","120","84","81","84","109","83","67","48","112","89","87","107","-14","39","81"
"120","77","83","140","-393","69","74","183","90","87","108","95","34","53","138","86","83","104","88","67","41","123","83","84","104","134","34","44","136","98","85","97","131","34","37","74","84","84","97","145"
"98","106","89","88","84","136","160","106","40","94","86","86","85","150","97","142","98","83","83","111","150","114","39","116","0","85","87","131","113","112","166","112","82","104","107","61","53","129","61","86"
"85","103","-115","35","58","147","80","108","105","133","68","70","144","93","85","105","96","83","28","54","90","89","99","119","25","26","67","93","93","101","131","90","86","66","93","88","100","96","28","28"
"67","82","84","109","127","34","54","152","88","94","96","130","111","96","142","52","89","101","100","102","84","87","64","79","89","142","135","112","39","30","67","84","87","110","6","79","62","118","89","83"
"90","132","43","41","145","73","81","110","107","128","61","157","171","89","89","96","125","48","40","131","88","88","92","134","54","46","123","123","87","85","95","100","54","46","142","85","83","96","101","106"
"95","89","81","82","83","103","134","108","48","62","61","94","86","89","132","105","66","81","101","92","79","97","115","107","119","92","89","86","103","118","128","60","137","153","99","82","125","130","109","35"
"95","82","83","85","108","89","58","95","167","83","82","121","126","115","77","131","43","82","86","112","81","63","74","136","82","83","87","137","-2","106","118","77","88","91","86","134","105","128","130","20"
"82","101","102","112","74","73","123","97","84","104","111","89","42","24","81","87","99","97","94","87","140","96","106","86","103","119","71","65","80","67","83","87","92","104","103","50","180","114","79","106"
"106","128","70","70","111","81","88","129","132","112","45","115","65","84","87","95","105","108","40","108","87","71","86","104","130","34","44","185","86","89","88","142","105","67","103","241","82","96","97","117"
"93","111","102","76","84","101","97","113","77","57","125","83","84","90","133","67","58","94","109","84","85","96","135","48","41","119","71","82","95","103","111","61","89","125","83","85","86","145","42","38"
"100","62","80","81","103","123","55","76","125","94","85","90","138","108","102","142","146","78","93","100","129","100","105","81","84","93","100","100","104","81","59","49","84","88","84","140","103","54","108","119"
"86","91","93","118","62","55","112","101","82","65","85","87","99","98","109","81","86","99","80","85","106","113","117","50","67","101","89","89","83","107","105","79","52","195","77","85","87","106","86","66"
"71","168","83","86","87","134","112","55","61","152","90","86","100","119","109","76","103","164","83","85","90","106","-321","49","51","88","62","88","94","102","115","73","62","80","47","84","83","86","98","110"
"45","52","77","83","83","106","124","111","68","77","149","96","93","91","128","69","62","86","96","85","83","87","137","66","55","85","100","81","88","99","107","96","53","119","91","80","86","98","120","50"
"42","122","29","85","82","92","124","41","38","97","92","87","99","102","117","60","77","87","86","88","82","142","86","102","120","79","81","91","96","-457","53","41","138","85","77","87","98","140","53","48"
"127","32","88","85","92","101","48","46","141","31","90","99","120","116","64","77","115","100","83","95","102","105","86","51","76","81","81","87","99","108","49","49","112","67","85","96","99","93","37","32"
"99","49","90","105","111","126","49","120","87","72","84","137","107","94","114","136","137","87","86","97","109","48","41","114","84","85","84","97","46","42","50","93","85","85","87","97","103","84","54","68"
"94","85","126","133","107","58","155","176","92","85","93","132","54","45","129","97","86","86","98","106","69","90","123","75","84","118","140","109","26","132","96","86","87","90","137","51","49","143","44","83"
"84","98","115","42","43","108","82","87","94","142","54","45","124","14","86","83","98","106","42","38","94","93","86","105","133","108","64","78","190","86","86","93","124","39","35","98","74","88","105","136"
"119","46","151","89","71","86","102","-263","36","41","90","82","84","145","140","111","78","140","118","73","95","102","94","87","95","80","104","86","102","139","113","53","123","89","73","87","100","97","82","34"
"84","86","85","77","166","105","118","171","44","84","82","94","98","41","39","98","79","87","101","121","119","58","88","88","78","85","92","146","51","45","135","48","88","89","95","108","33","28","69","85"
"86","95","120","51","46","134","63","82","100","102","122","77","57","133","92","87","97","99","102","75","59","112","84","82","88","126","78","63","66","134","87","89","91","133","51","44","116","106","81","83"
"96","114","103","45","61","21","88","88","95","126","99","52","105","103","110","86","48","96","82","86","87","100","108","91","40","95","83","81","85","106","122","41","60","150","94","85","93","128","110","99"
"133","31","82","99","103","107","48","43","132","59","85","86","103","123","82","41","41","89","86","100","102","122","74","86","152","88","86","93","127","44","36","130","80","85","86","102","118","33","45","114"
"96","91","91","141","110","100","155","76","82","104","104","110","82","56","54","80","86","86","139","69","56","71","108","85","93","93","132","60","51","105","79","83","84","86","138","60","49","93","114","82"
"85","95","135","55","47","134","32","87","85","101","117","35","38","72","89","85","89","127","116","52","112","130","90","89","89","137","50","42","149","52","91","91","99","100","36","36","94","69","83","113"
"142","118","42","127","56","78","69","99","104","99","38","96","81","91","99","125","122","53","70","116","97","82","87","144","56","49","92","77","85","86","96","95","35","34","100","88","86","124","151","109"
"40","129","75","83","85","100","125","32","48","93","97","90","99","91","42","37","112","97","83","82","109","116","48","85","114","81","89","103","65","41","45","105","92","89","102","125","111","64","77","95"
"86","86","92","128","44","35","105","92","88","105","120","113","53","107","84","93","84","105","102","98","28","82","84","88","90","105","112","45","74","107","94","86","94","121","39","32","105","53","86","102"
"107","113","70","74","108","91","84","116","138","110","48","167","89","80","86","85","130","54","45","109","86","89","86","90","132","40","33","100","63","85","81","97","121","54","52","106","95","84","93","127"
"45","38","125","46","83","100","100","110","74","101","63","77","84","97","101","111","43","48","94","81","83","87","119","103","64","91","152","80","87","91","124","46","44","134","32","86","103","106","110","64"
"87","98","81","85","92","132","114","57","99","131","85","85","98","120","50","44","131","153","84","86","95","111","86","91","96","78","88","98","109","58","52","126","24","85","101","102","121","52","95","157"
"79","84","100","111","37","35","98","94","91","121","139","108","45","138","25","88","102","101","103","39","42","89","87","86","92","119","38","36","101","83","80","136","130","109","43","194","83","102","102","124"
"55","111","93","80","87","118","111","102","119","98","117","90","133","135","110","75","108","122","81","85","127","102","91","37","68","84","81","83","124","77","60","69","105","83","80","90","101","101","101","76"
"91","90","89","87","87","88","122","93","86","57","77","70","87","88","84","125","93","84","57","91","87","86","88","84","119","92","80","48","80","83","87","92","94","86","90","127","91","48","86","85"
"91","133","66","59","93","115","90","86","96","97","96","96","118","100","51","85","88","125","123","111","73","86","89","89","86","96","98","95","95","113","79","83","87","81","88","120","65","58","94","148"
"93","88","111","126","111","70","64","152","84","89","84","100","112","43","41","97","85","86","99","100","97","95","56","99","88","83","90","87","108","103","73","64","127","83","84","86","140","97","69","78"
"84","90","85","93","104","103","76","94","74","82","86","95","118","109","66","76","46","80","77","93","136","68","58","67","171","84","83","91","137","73","61","60","127","84","81","88","136","83","75","47"
"76","82","84","91","97","101","43","40","103","17","87","82","93","89","109","130","99","38","89","92","93","129","74","58","74","167","81","85","93","129","89","78","55","62","93","85","102","107","96","75"
"76","84","83","90","97","108","97","75","67","147","83","86","86","129","106","44","76","117","99","87","94","138","109","62","90","163","86","84","135","142","102","61","110","143","97","87","129","131","101","71"
"53","104","81","82","91","138","64","56","98","58","85","85","85","142","63","55","89","181","88","85","91","137","68","53","87","184","81","89","94","130","69","63","72","139","85","80","90","138","102","58"
"74","149","89","82","131","136","108","75","122","128","87","89","132","137","107","66","107","162","81","88","97","103","47","44","122","34","87","84","96","103","48","42","151","37","88","83","91","105","56","48"
"136","6","84","79","101","92","40","52","104","82","86","95","127","52","46","140","56","89","82","89","109","51","42","135","44","85","84","101","5","44","48","98","87","88","96","106","124","72","59","120"
"85","86","86","143","99","54","138","83","81","85","97","97","97","45","174","76","85","99","103","86","35","101","81","86","83","148","57","48","107","37","87","82","98","102","50","44","104","68","87","84"
"102","73","47","51","94","79","85","106","138","106","55","91","153","86","85","97","142","38","34","119","57","85","83","100","93","40","50","94","89","81","94","142","52","45","137","14","86","85","102","118"
"42","51","73","81","84","87","115","106","38","56","69","92","84","108","137","110","59","88","105","95","37","59","83","88","86","113","78","70","56","141","84","88","83","138","55","46","87","107","87","90"
"81","114","53","45","136","30","87","86","93","126","52","42","111","68","90","85","101","45","41","35","83","89","87","94","133","55","50","125","104","88","89","95","119","45","37","140","34","83","94","95"
"116","90","89","82","92","85","103","119","113","62","76","137","85","84","86","140","54","47","106","39","84","85","94","112","42","35","91","103","88","79","126","79","64","55","147","86","84","88","144","106"
"71","108","162","73","89","95","143","98","122","111","47","89","98","99","100","84","102","71","93","83","101","113","115","57","95","67","84","85","97","101","51","45","138","81","84","105","138","114","53","100"
"81","78","87","102","99","85","31","48","84","86","85","146","112","113","153","59","83","92","100","115","87","102","84","98","83","97","114","97","67","71","89","86","86","92","138","49","44","137","24","85"
"84","121","92","52","120","84","74","87","96","112","39","33","94","93","84","101","129","109","70","64","146","86","86","89","130","68","57","65","123","85","84","87","138","64","50","106","49","83","86","85"
"141","64","50","84","90","81","83","88","134","56","50","92","119","86","87","88","126","64","54","85","89","92","84","82","132","62","53","91","104","86","84","90","149","48","45","126","56","83","85","88"
"143","57","59","97","56","83","87","87","127","64","59","75","124","87","81","86","131","76","63","75","186","85","82","85","119","89","82","48","85","55","84","91","95","110","85","128","84","62","83","109"
"133","111","60","79","64","95","84","88","93","117","40","54","179","90","80","98","121","116","81","95","74","81","88","86","89","109","96","103","112","76","86","88","86","124","81","71","50","126","89","85"
"88","97","108","51","54","87","61","82","100","100","131","77","102","89","105","84","95","97","96","90","101","96","31","86","87","88","130","83","73","59","29","88","84","81","98","108","48","54","85","74"
"86","83","85","136","71","61","77","133","87","88","90","128","73","59","60","136","93","88","97","105","113","79","55","109","84","84","85","102","88","78","44","73","87","82","84","99","117","43","45","89"
"80","86","89","131","52","45","132","61","79","93","100","110","82","108","80","85","86","106","140","116","48","154","105","83","83","87","147","66","54","85","113","87","86","93","138","103","73","118","125","90"
"85","98","119","47","40","98","44","88","88","89","112","47","43","121","103","86","87","85","133","66","61","77","100","87","86","85","127","109","52","72","137","84","83","88","108","103","54","100","92","87"
"84","87","137","59","60","97","98","89","91","94","133","102","102","120","27","86","87","107","119","42","44","96","87","83","95","98","97","92","127","88","23","87","95","96","120","96","120","99","106","89"
"86","93","112","100","130","113","8","86","98","101","96","88","108","107","83","89","95","102","80","96","109","81","98","88","99","98","100","81","114","95","75","80","90","94","133","102","123","121","21","87"
"87","95","115","101","56","93","86","87","87","116","137","113","53","80","134","103","84","98","115","44","43","100","86","86","89","159","106","116","118","0","82","95","95","135","98","138","101","20","86","94"
"96","111","93","40","92","85","81","92","88","106","47","39","104","78","88","92","114","47","43","126","82","84","83","92","113","104","82","55","93","87","91","89","149","62","52","85","214","91","83","88"
"128","83","77","51","86","80","85","85","139","80","67","55","82","92","80","86","132","105","57","75","132","92","99","99","131","97","132","116","43","84","85","93","129","56","49","118","157","83","85","90"
"131","84","79","58","76","75","84","88","125","107","53","132","108","85","89","97","111","69","59","89","113","85","86","90","133","78","68","58","159","87","80","88","109","110","42","55","57","88","84","81"
"103","112","49","55","90","79","86","96","102","129","72","59","149","82","81","92","133","101","63","88","145","88","83","92","149","55","43","146","31","86","86","92","140","44","40","158","19","84","81","100"
"114","93","46","45","62","85","85","94","96","47","44","112","116","86","105","135","122","63","45","162","93","81","87","159","46","38","172","35","90","84","100","121","45","50","90","102","86","85","103","123"
"39","48","78","94","83","91","140","105","158","115","24","80","99","99","111","77","56","73","81","83","86","104","121","31","44","172","92","82","91","152","44","42","117","55","82","87","104","122","38","48"
"67","95","90","90","140","42","36","124","69","84","101","111","122","66","69","115","85","82","97","123","42","37","101","90","84","101","102","127","70","90","132","83","88","97","141","52","49","131","82","78"
"87","99","103","46","41","108","88","85","105","105","116","65","81","120","86","86","87","142","103","91","115","169","84","87","127","102","71","105","119","82","89","86","129","105","67","95","147","75","83","132"
"131","115","132","105","64","83","96","100","100","98","135","94","56","79","96","98","112","79","99","77","93","88","96","106","115","66","95","126","84","84","91","136","106","90","119","75","87","99","101","122"
"88","111","90","72","86","97","99","108","83","46","120","85","87","86","143","65","48","86","39","84","85","103","121","39","36","89","95","85","109","144","116","36","176","57","75","95","100","122","97","28"
"117","83","86","83","140","59","44","136","45","83","82","101","122","38","38","90","80","82","110","143","120","43","144","78","78","84","102","111","74","58","100","85","83","88","140","39","32","151","60","79"
"104","106","132","66","68","121","82","85","96","116","108","38","79","26","83","83","103","119","81","96","133","75","84","94","140","44","41","120","55","85","103","109","115","63","79","102","82","90","89","130"
"61","55","107","52","83","83","98","114","92","43","47","55","86","94","101","115","52","47","116","85","82","88","97","106","45","39","116","95","87","88","99","120","51","46","129","44","89","86","101","105"
"37","33","90","79","85","87","142","62","53","89","89","85","88","97","129","52","42","120","53","88","86","89","129","49","42","105","62","86","91","99","116","101","41","83","83","83","86","121","86","70"
"49","119","85","84","89","121","115","67","125","71","82","92","100","129","94","115","98","88","86","97","129","107","63","73","94","81","82","90","121","46","36","98","84","87","88","121","75","61","85","154"
"82","87","88","137","51","48","133","68","86","87","83","146","48","45","127","82","83","86","96","122","61","76","122","86","87","87","134","54","48","131","71","90","87","103","104","40","40","91","78","86"
"95","110","116","55","85","112","85","86","96","128","42","38","114","100","88","86","107","128","39","37","99","91","83","96","99","97","92","97","170","90","82","87","134","71","56","72","74","86","84","93"
"138","69","53","84","70","87","87","100","119","39","39","84","76","90","94","141","93","110","146","60","84","103","97","102","81","99","74","78","82","107","149","114","42","137","75","83","108","69","51","104"
"66","84","85","99","113","83","34","78","99","85","91","101","91","32","43","98","83","91","159","56","46","112","48","82","88","101","99","37","36","93","96","84","101","119","97","57","118","172","85","88"
"101","109","61","56","101","80","90","80","89","107","77","80","79","88","84","86","64","65","84","90","94","79","115","89","92","96","114","104","111","136","89","83","80","93","75","87","81","73","107","87"
"100","105","105","74","71","81","86","86","84","91","127","131","103","94","104","97","87","110","109","87","44","79","95","91","89","89","89","89","89","90","89","89","89","89","89","89","88","89","89","88"
"89","89","89","89","89","89","89","89","89","89","89","89","89","89","89","89","89","88","89","89","89","88","89","89","88","87","88","87","85","87","87","88","87","87","88","88","88","88","87","87"
"87","86","86","85","87","93","97","85","58","101","85","84","89","98","109","46","58","127","83","82","88","134","111","57","122","72","85","100","100","109","71","71","118","88","84","100","105","46","42","101"
"81","85","96","131","40","37","92","89","86","91","130","111","51","113","77","84","88","126","117","61","85","160","80","99","99","100","80","50","82","89","91","103","98","47","44","99","87","85","102","106"
"105","72","84","105","87","85","103","105","90","47","51","97","84","102","99","111","74","88","88","83","88","106","116","48","57","69","90","86","101","113","42","41","80","90","82","104","142","59","94","200"
"79","110","129","119","39","113","27","81","112","117","122","62","91","134","87","88","131","123","102","87","112","129","86","89","103","123","43","50","92","96","82","129","128","89","64","82","138","94","86","99"
"130","60","51","113","73","86","88","107","-176","86","53","149","46","82","89","132","109","99","56","197","75","101","98","103","86","111","87","65","81","99","95","98","81","89","24","81","83","124","138","111"
"51","118","48","87","95","96","97","82","97","69","93","83","94","100","94","82","67","63","90","86","85","120","71","67","88","108","87","86","89","138","114","79","96","143","85","84","90","135","65","60"
"109","194","86","88","104","105","42","42","99","78","83","106","156","109","64","97","86","83","86","94","114","116","59","117","71","79","84","92","122","51","46","110","74","86","102","105","108","68","74","43"
"84","83","103","143","128","52","155","164","87","85","102","121","40","47","87","80","85","101","127","54","45","118","39","84","84","104","63","68","76","47","79","85","97","122","30","38","129","84","86","138"
"127","94","45","91","95","85","95","136","67","59","94","123","88","83","102","-100","87","39","48","100","82","99","105","119","64","62","109","82","85","99","130","47","43","96","76","83","103","148","116","49"
"135","96","59","85","100","93","84","43","98","94","86","84","140","60","63","87","55","75","84","102","101","46","50","97","86","81","88","134","53","48","133","58","86","98","121","124","43","133","98","83"
"86","153","94","46","99","85","84","81","143","99","115","135","96","78","106","103","121","64","83","92","78","85","101","108","88","41","27","86","87","102","105","114","69","79","122","84","84","85","132","55"
"47","134","81","83","90","99","124","34","56","157","81","87","101","104","46","41","100","63","83","81","100","112","51","69","119","93","87","99","98","88","47","47","84","83","102","102","116","68","71","57"
"87","90","93","122","83","88","88","99","89","60","171","73","84","85","92","99","92","97","110","112","123","84","85","92","132","78","53","61","74","82","84","87","103","104","77","60","47","91","90","87"
"120","77","56","85","55","86","86","94","130","64","55","105","175","87","84","91","126","74","64","74","124","86","88","83","119","110","49","69","121","96","82","97","134","67","59","101","95","83","82","90"
"135","106","61","126","124","89","86","90","141","70","62","81","132","84","83","84","143","102","76","79","184","89","97","80","118","99","59","105","88","81","90","86","125","65","58","94","142","82","87","88"
"134","66","58","98","115","85","83","89","139","110","69","80","86","137","131","100","71","89","140","87","83","87","134","99","72","96","122","88","84","85","146","110","57","133","47","87","88","101","117","64"
"54","113","43","87","93","99","122","95","43","89","78","84","94","99","105","75","58","84","85","86","93","135","91","64","74","77","96","90","90","96","92","83","58","160","86","86","89","141","104","65"
"81","46","92","86","94","148","107","78","106","166","81","83","132","98","91","53","107","105","81","83","99","112","41","36","93","100","89","85","124","111","46","66","72","86","86","88","131","72","63","60"
"106","85","81","86","110","111","54","91","101","95","85","89","147","72","70","71","157","78","83","89","136","103","53","63","86","90","85","89","141","62","55","115","88","87","86","92","135","65","58","81"
"131","88","85","90","138","58","57","117","70","84","83","93","124","64","53","106","53","85","85","94","110","86","49","96","34","86","81","101","108","49","52","83","83","86","93","103","88","67","70","126"
"86","88","89","135","94","82","102","60","88","84","91","109","79","62","86","50","89","84","95","117","96","45","37","65","85","98","96","102","78","117","100","75","82","103","101","109","78","60","97","76"
"87","130","104","104","49","102","87","82","87","103","114","47","49","106","50","87","94","99","105","91","125","93","95","91","130","117","115","63","98","104","90","86","95","117","105","60","113","92","81","81"
"133","122","106","53","129","117","86","80","90","125","121","48","53","87","86","98","96","73","87","106","91","70","86","96","93","104","85","110","87","83","86","95","103","90","81","84","153","92","80","103"
"122","96","72","81","100","86","84","89","118","53","45","120","88","85","86","98","104","53","47","61","83","91","97","116","66","58","99","101","85","86","84","101","98","85","51","73","87","87","86","111"
"82","78","68","88","79","93","88","84","113","67","87","81","81","87","86","93","102","81","76","73","124","91","89","86","93","99","97","66","63","128","78","85","83","85","89","90","82","64","93","90"
"84","89","114","106","99","60","101","64","87","86","86","81","115","70","65","85","68","85","84","89","81","114","112","67","95","124","89","83","95","95","102","96","86","99","50","83","85","87","123","91"
"93","61","92","67","83","84","86","108","92","89","57","129","67","85","83","85","97","110","59","57","89","59","84","87","84","108","96","89","57","94","89","84","87","88","119","83","72","69","77","83"
"83","87","116","93","80","55","91","88","89","89","108","121","111","59","68","64","81","83","84","83","99","75","67","81","118","84","83","84","87","89","96","64","148","82","80","83","85","104","86","85"
"81","61","75","74","83","83","89","105","41","67","58","99","100","85","81","87","116","97","85","84","98","84","87","88","86","112","92","89","63","128","91","84","86","125","126","104","60","63","98","84"
"86","85","88","119","95","85","53","90","100","88","84","83","123","87","66","65","89","93","84","87","93","98","99","82","69","48","90","85","86","117","122","94","64","64","90","97","86","86","90","100"
"87","87","55","169","44","85","86","96","110","85","91","96","97","79","86","85","87","90","97","63","57","94","89","86","83","88","91","70","59","56","103","89","82","84","89","116","78","70","64","128"
"88","87","85","119","96","92","62","98","85","88","84","90","118","81","77","58","27","88","84","87","127","117","109","61","64","71","83","86","124","111","67","63","87","58","83","84","89","128","89","82"
"60","63","77","85","84","84","129","74","62","77","151","87","85","83","96","94","98","66","88","85","91","83","85","96","26","66","63","104","82","85","85","78","95","97","50","47","106","66","86","84"
"91","129","64","55","98","82","86","86","83","103","108","51","57","66","76","83","83","83","110","77","64","78","130","88","84","84","91","99","50","50","91","78","85","85","92","130","102","85","106","143"
"87","81","86","108","88","85","58","82","82","84","82","92","102","99","49","106","85","85","87","89","111","98","70","82","105","83","82","90","130","110","59","73","159","89","83","84","131","86","81","61"
"154","86","83","84","94","72","47","55","85","80","80","79","118","110","58","68","83","87","88","82","94","82","56","53","119","72","86","79","91","128","67","58","82","115","85","84","91","124","112","58"
"62","65","88","86","97","99","-348","87","55","119","87","84","89","128","84","80","58","143","78","83","85","121","81","81","57","69","82","86","88","99","-363","83","39","102","75","90","95","98","91","97"
"53","117","91","85","80","135","105","72","66","69","131","119","50","57","71","87","110","63","81","122","89","88","83","94","61","51","56","94","60","84","85","89","86","86","87","100","93","91","74","83"
"120","84","88","84","78","95","98","86","84","67","90","92","90","86","91","89","-86","91","88","96","98","90","86","90","84","75","75","91","86","88","93","64","105","85","91","87","85","85","115","95"
"94","65","100","81","89","84","101","-146","68","66","89","87","92","86","75","83","117","107","105","76","81","113","75","83","61","90","82","93","87","87","83","89","91","5","96","70","76","121","103","85"
"90","86","86","96","87","86","84","161","89","83","84","85","85","73","91","65","95","60","84","89","86","84","82","98","90","92","89","95","86","133","87","90","84","66","65","99","90","86","62","88"
"65","83","-286","-470","89","64","87","65","87","82","88","84","86","110","90","84","65","89","62","83","79","90","78","88","93","85","67","131","59","91","78","88","85","7","91","69","82","88","92","87"
"86","81","99","97","-32","73","77","80","78","89","89","84","-353","93","90","68","91","84","86","88","86","86","87","99","104","74","74","74","84","90","81","82","76","106","86","94","60","138","91","89"
"90","88","85","79","94","90","89","74","87","68","70","82","85","80","-415","90","70","86","115","77","88","89","87","86","79","97","-155","90","67","116","126","84","83","84","84","84","88","85","84","76"
"67","74","74","82","84","86","77","102","91","85","71","90","144","84","91","83","83","90","101","111","82","97","149","86","85","87","87","86","92","94","96","96","66","91","86","86","85","88","67","82"
"117","79","90","96","87","62","85","68","83","91","84","85","80","69","91","-435","72","85","61","71","81","86","87","84","87","85","80","88","84","76","80","73","90","83","83","81","79","89","25","86"
"77","77","65","65","83","88","87","84","100","101","87","52","97","140","97","81","89","85","86","105","39","80","74","84","100","88","90","85","90","87","89","104","-413","86","74","85","111","86","87","86"
"87","87","-477","83","84","86","82","81","107","-404","-435","63","83","93","87","88","89","121","103","96","64","66","83","99","86","88","84","91","103","101","66","73","114","81","87","87","82","93","110","74"
"69","67","118","86","86","94","81","92","101","106","68","72","104","81","91","82","75","85","117","81","71","59","136","86","88","86","96","104","91","95","97","101","45","85","84","85","87","-414","-479","71"
"131","47","87","82","82","80","117","93","89","65","86","86","87","81","84","-477","100","63","64","91","82","83","82","99","111","-247","89","100","96","154","88","86","90","91","101","94","68","85","111","86"
"85","88","86","103","98","97","65","97","74","87","85","85","85","120","85","81","66","120","88","87","86","89","90","78","71","80","139","90","85","85","93","46","56","51","105","68","84","85","89","106"
"-193","75","53","102","83","87","87","84","89","124","71","66","62","136","87","86","87","106","104","-27","83","61","75","38","83","85","86","92","-419","68","63","95","130","90","89","90","91","98","-438","88"
"61","97","77","84","87","74","111","-401","57","57","103","74","87","89","90","98","37","77","169","78","87","87","120","121","77","82","69","76","81","87","72","85","119","100","62","65","76","84","85","89"
"88","-13","91","84","105","144","87","83","84","94","-301","59","55","106","89","90","83","86","126","82","75","62","76","88","83","93","93","93","91","97","112","152","85","79","83","98","106","38","42","63"
"95","84","83","90","119","100","67","78","125","82","84","94","98","111","92","136","108","72","87","87","123","117","101","74","89","61","74","86","74","81","108","72","97","70","83","112","83","78","86","88"
"103","98","59","66","87","90","88","116","103","64","70","73","77","86","85","80","121","85","78","62","110","90","84","81","90","99","58","49","114","63","89","84","85","109","81","71","71","94","87","87"
"85","89","80","103","79","63","71","64","83","85","73","106","94","87","55","82","73","87","83","85","113","94","59","59","90","73","86","82","73","95","103","97","68","84","86","89","87","79","79","106"
"97","65","75","141","87","82","80","85","114","89","77","60","134","78","86","85","94","112","79","74","68","69","85","83","87","118","118","-178","54","56","90","76","83","82","84","92","103","101","68","75"
"138","82","87","86","86","116","93","90","61","87","90","93","85","85","90","-331","88","52","92","60","86","87","82","115","84","85","61","91","56","87","89","91","119","96","65","71","75","83","87","86"
"97","87","72","59","85","61","86","82","83","86","97","97","63","98","45","86","84","88","97","56","65","59","97","30","84","90","84","108","94","91","52","86","90","85","83","84","82","91","93","51"
"100","80","87","86","84","100","97","85","68","73","110","84","87","84","97","-63","60","61","97","62","84","80","88","126","101","88","58","54","86","84","82","130","131","93","60","56","135","88","81","82"
"86","92","56","52","117","106","82","83","90","124","87","78","66","66","86","82","83","86","92","58","53","106","91","88","87","91","111","98","91","64","89","88","86","84","95","94","103","72","65","83"
"154","84","84","91","114","121","95","60","59","91","46","87","86","85","92","94","90","63","84","62","77","81","80","117","105","88","97","85","81","83","84","84","82","112","82","72","69","68","85","89"
"85","86","125","83","76","63","89","88","90","86","90","123","98","78","83","62","70","82","83","77","129","78","74","65","117","86","84","89","86","110","62","56","99","64","81","80","88","96","95","89"
"64","67","81","81","79","91","113","99","64","115","136","93","83","85","105","86","84","59","74","78","84","81","88","121","100","59","93","50","76","89","91","92","128","103","56","104","62","81","83","83"
"112","84","79","55","95","36","96","91","95","114","71","62","83","142","87","86","80","97","109","76","62","60","85","87","97","57","44","55","63","82","84","98","100","-419","75","101","88","102","85","99"
"98","101","98","105","99","72","84","90","91","126","102","59","69","85","87","88","79","95","98","97","58","107","85","83","82","81","137","81","78","61","69","81","87","84","99","-16","49","54","106","63"
"84","90","96","127","100","75","88","118","88","82","94","96","-357","52","50","102","48","83","90","93","126","96","74","89","153","87","82","82","111","94","88","54","44","62","89","85","84","124","75","71"
"72","94","88","85","88","87","91","109","99","86","105","91","68","86","99","77","82","69","53","88","85","84","105","-462","56","52","108","60","83","84","81","126","85","82","49","80","77","86","84","87"
"122","77","69","61","122","80","84","79","94","74","55","54","104","59","82","78","89","124","77","61","54","110","86","87","83","95","-243","50","45","116","63","87","81","91","138","70","63","79","140","82"
"84","82","106","94","80","43","80","76","83","81","89","119","68","58","88","152","84","77","77","106","96","83","43","58","79","86","97","93","113","63","56","99","156","83","82","83","127","75","67","60"
"80","82","84","85","95","105","103","57","119","91","83","81","91","130","77","68","65","75","86","85","79","97","102","53","51","106","96","83","90","98","107","95","135","105","44","84","89","89","128","103"
"69","83","123","92","85","89","95","100","107","84","115","97","87","79","91","118","89","81","51","75","77","80","82","86","128","63","57","88","81","83","82","87","130","-68","58","63","87","88","85","85"
"92","102","68","59","84","151","87","83","82","107","-92","51","48","96","58","86","92","94","112","97","86","123","95","83","89","90","119","103","58","74","119","90","81","88","129","86","77","53","60","95"
"83","97","97","5","87","117","98","59","85","84","81","131","104","70","88","110","86","82","86","91","93","55","55","112","75","85","85","88","96","89","48","111","90","87","84","100","99","66","82","117"
"87","84","88","99","89","44","72","87","86","84","99","-370","49","49","95","66","87","84","86","118","105","60","93","145","91","87","83","106","80","72","86","92","88","88","86","89","98","87","90","92"
"90","85","90","88","89","90","89","89","86","84","86","79","-421","58","88","104","98","51","83","83","86","65","92","87","60","126","96","86","83","95","92","52","89","104","119","76","86","86","113","105"
"101","61","134","87","82","81","92","115","83","71","55","157","82","88","82","96","110","103","59","140","143","90","82","89","101","82","73","57","122","93","84","87","108","91","83","52","93","84","83","84"
"81","112","102","52","55","86","75","86","86","81","116","77","68","66","135","87","82","82","93","101","48","85","59","85","63","67","122","110","74","55","80","83","87","72","62","-290","55","51","121","55"
"82","83","53","95","81","68","68","136","83","84","66","121","83","77","54","75","85","84","85","97","-423","49","48","100","94","91","95","94","96","96","127","107","52","84","92","93","125","66","59","90"
"142","84","84","85","138","65","53","96","112","84","83","86","105","92","51","96","65","92","74","131","131","103","68","87","95","81","85","96","-67","100","50","132","128","89","81","98","117","97","78","92"
"62","55","86","99","97","91","89","109","116","82","78","83","88","112","57","49","114","48","85","88","91","119","65","56","86","138","85","87","82","115","72","73","49","72","86","87","97","99","-60","77"
"58","56","81","85","93","140","98","62","65","83","85","84","87","101","109","44","59","180","89","89","92","116","100","67","72","136","81","85","85","96","81","79","58","99","106","86","86","90","125","67"
"56","85","140","86","84","88","139","99","66","103","136","88","85","86","123","79","80","111","105","92","90","98","92","102","86","86","87","91","-316","84","56","105","86","84","85","92","129","73","64","74"
"133","86","84","84","96","107","50","58","83","76","81","97","95","105","46","42","101","82","87","82","97","102","49","48","113","83","87","83","95","105","97","52","153","81","86","138","138","108","89","126"
"111","87","86","87","133","104","80","125","141","84","83","93","134","63","53","94","90","83","84","96","115","109","77","91","77","77","86","94","99","98","83","114","81","57","85","90","96","92","55","49"
"129","89","85","86","66","103","101","47","129","110","86","87","96","123","51","47","123","68","84","86","86","122","67","60","66","130","86","81","84","126","73","63","70","110","87","81","64","134","70","57"
"70","119","83","83","86","130","66","59","83","132","89","84","87","126","60","54","138","33","88","85","81","101","57","47","98","74","90","81","82","110","94","47","98","84","85","90","86","79","45","38"
"112","85","85","85","91","95","100","119","105","31","82","81","83","135","96","137","121","43","89","91","91","89","47","40","120","83","87","89","85","105","48","43","142","81","82","87","89","111","57","48"
"125","57","87","86","95","103","42","36","107","73","86","91","80","100","46","40","107","86","86","85","-159","91","91","130","93","35","88","98","95","102","79","107","103","50","86","84","90","134","111","49"
"109","153","89","82","123","137","98","60","106","90","85","86","98","123","107","67","79","112","87","83","86","114","89","67","65","104","85","86","86","89","130","69","62","86","77","91","88","88","89","104"
"84","87","91","83","91","89","87","111","74","74","80","71","91","87","85","90","122","93","98","77","68","83","82","87","87","123","105","99","105","123","75","86","87","83","129","62","56","92","87","85"
"85","92","125","64","57","79","149","86","85","90","120","77","70","64","99","82","84","72","96","-308","74","51","59","81","86","94","93","89","92","52","116","90","72","88","95","103","103","56","97","137"
"92","84","113","121","-399","56","70","52","87","82","82","98","-234","73","46","94","85","84","86","95","86","57","49","114","85","73","88","94","131","58","49","119","66","82","84","89","130","39","59","74"
"135","93","87","80","135","79","70","63","130","86","85","86","-508","88","78","52","65","87","87","83","84","107","46","56","63","82","89","83","91","109","52","53","96","69","85","88","84","101","86","105"
"81","65","87","86","94","104","57","49","116","25","86","85","90","145","51","45","156","44","84","86","93","140","58","50","110","84","90","83","89","126","70","61","82","161","86","85","90","127","71","58"
"76","82","87","88","91","134","50","47","134","46","84","92","100","103","94","126","105","59","88","82","91","130","49","40","114","102","86","86","80","126","50","45","122","87","79","86","90","129","65","58"
"92","73","81","83","92","139","66","60","85","102","81","89","90","129","72","71","74","160","85","87","86","138","20","75","83","100","88","85","89","105","123","81","147","96","80","89","128","101","97","118"
"95","86","84","85","92","139","100","119","115","68","83","88","87","129","91","110","112","105","68","70","107","93","82","84","87","89","82","105","67","130","126","84","85","85","88","115","106","106","68","79"
"156","91","90","86","77","80","105","86","77","59","148","91","95","85","81","78","87","105","74","92","126","91","83","81","81","81","90","112","55","167","115","76","81","82","85","106","114","105","55","102"
"78","98","81","82","76","103","89","110","77","95","104","91","84","83","84","107","114","106","65","94","86","87","84","85","103","105","92","65","63","106","87","85","82","63","80","100","88","81","57","77"
"67","83","85","89","108","92","90","65","87","79","89","87","84","80","-287","-298","87","97","87","73","84","88","87","84","106","73","61","151","88","87","84","105","91","86","60","167","86","87","88","86"
"85","106","97","89","62","81","77","84","86","90","94","93","62","55","112","89","86","-448","-486","101","86","96","84","69","132","90","89","88","81","92","101","103","65","66","84","80","82","86","88","99"
"100","57","95","46","89","87","85","82","106","79","80","88","74","78","89","87","82","123","99","98","58","131","91","87","87","84","115","96","88","52","82","67","84","83","89","-8","98","103","73","80"
"72","90","85","85","87","120","90","85","61","98","74","84","86","88","106","105","103","53","109","92","87","84","85","107","80","70","68","68","86","88","88","82","114","95","85","52","90","90","84","87"
"88","116","95","78","60","128","90","90","87","80","133","109","70","65","78","89","84","87","92","98","86","94","79","96","93","86","83","87","94","88","63","54","104","94","85","84","88","88","110","73"
"66","63","145","86","87","86","83","117","80","67","69","75","57","88","86","86","119","78","67","66","142","86","83","85","106","97","93","55","149","87","86","87","92","90","96","67","77","139","78","85"
"87","84","97","112","70","85","146","88","84","87","94","98","94","64","68","83","86","92","102","104","55","56","98","87","89","87","89","97","95","99","77","97","125","85","83","90","96","104","61","49"
"123","85","89","84","83","127","86","88","57","27","79","86","88","87","123","104","59","68","139","83","86","88","101","87","57","52","127","62","85","84","91","117","83","71","55","55","81","89","88","95"
"101","106","62","69","138","88","87","85","98","96","72","75","85","81","86","86","114","95","83","51","90","86","84","85","88","108","56","50","122","87","88","85","56","97","106","91","122","91","79","90"
"89","86","127","89","61","67","57","90","88","87","97","92","52","46","124","83","86","84","92","122","75","63","70","113","83","86","87","94","88","54","49","126","46","85","85","92","127","70","63","69"
"83","91","87","97","98","96","88","121","96","35","86","93","96","124","108","58","87","87","90","81","87","94","90","49","44","116","41","84","83","88","121","85","76","59","49","87","84","84","125","121"
"99","60","67","84","83","88","83","95","102","47","50","99","55","85","93","94","115","55","50","122","42","84","87","86","132","62","55","90","149","88","83","88","126","107","53","88","140","86","84","87"
"102","99","49","47","103","68","87","90","85","126","61","51","101","123","86","84","88","129","98","58","69","67","89","85","87","91","102","104","59","142","128","92","84","84","113","-70","103","49","55","80"
"88","90","136","105","80","99","95","87","85","135","128","40","60","58","118","86","88","95","95","89","88","125","94","61","87","73","85","126","70","64","76","150","80","84","101","93","69","67","90","69"
"84","91","84","80","77","109","61","98","74","68","109","83","85","86","85","89","82","97","60","90","77","75","84","71","88","86","87","87","88","86","95","87","82","66","91","89","91","86","87","93"
"99","93","103","68","68","69","73","83","84","89","108","106","-335","88","69","69","72","53","83","83","87","80","99","98","100","80","62","82","74","87","84","88","87","88","95","-434","14","77","68","81"
"70","86","86","83","90","90","96","63","108","87","88","84","87","86","104","74","111","74","63","75","85","83","84","84","84","102","75","97","65","88","118","76","85","87","86","80","99","-418","90","58"
"95","72","88","88","88","85","96","101","-487","77","79","72","55","74","88","89","86","84","-66","-460","87","64","88","89","90","81","81","76","110","104","96","61","102","87","87","87","85","87","55","97"
"79","100","64","63","98","135","89","84","88","103","108","63","74","67","82","70","80","90","83","75","91","78","106","90","41","88","80","87","105","105","83","70","82","83","86","87","79","63","112","99"
"95","72","80","84","65","84","85","73","80","-386","-477","95","76","79","53","85","81","84","86","96","88","100","69","80","112","91","91","88","103","108","80","103","68","83","111","86","92","87","81","83"
"107","96","89","57","87","74","84","85","87","72","-475","82","88","80","69","85","87","84","84","108","94","86","56","82","89","84","83","79","82","105","85","78","58","67","76","86","89","56","110","68"
"59","68","106","85","88","86","85","83","83","96","80","97","97","88","84","89","99","104","89","72","65","77","70","88","85","89","87","103","69","82","109","89","90","86","93","107","94","65","60","86"
"79","89","86","90","83","78","23","96","54","107","90","85","85","87","98","-452","95","63","89","145","80","87","88","81","83","91","95","96","105","118","89","87","80","84","-306","94","100","95","69","84"
"85","85","82","102","72","69","78","92","82","80","114","86","80","64","93","63","85","86","87","113","91","78","59","79","76","85","86","85","119","90","90","64","95","87","82","84","86","91","90","70"
"63","86","87","87","87","85","100","108","58","88","98","87","90","81","90","108","71","70","63","79","79","91","82","65","109","100","60","120","88","89","82","82","89","105","80","83","116","77","85","88"
"85","66","101","77","103","105","88","80","82","83","115","48","110","45","90","84","85","87","69","103","77","102","98","82","81","82","111","88","76","53","63","80","85","86","86","94","90","94","100","89"
"52","83","84","86","116","90","77","55","82","83","87","83","93","-294","99","62","74","117","84","85","80","89","106","58","70","144","91","82","96","92","-122","65","55","95","88","89","84","96","95","-159"
"57","129","90","88","81","84","99","100","87","49","96","48","85","85","91","121","100","70","72","54","81","85","85","89","99","108","64","153","136","90","81","86","119","78","71","61","120","82","86","83"
"85","97","106","61","116","146","97","79","99","115","58","83","49","137","91","84","75","77","125","93","64","78","147","89","77","83","114","92","85","52","77","78","81","81","88","-216","103","62","78","133"
"85","75","83","81","105","99","75","67","140","84","63","83","119","97","84","41","61","83","86","85","85","115","108","65","73","141","87","86","82","85","126","68","58","84","80","25","36","89","-213","64"
"55","110","93","82","81","84","96","87","56","58","93","89","80","56","82","100","106","74","71","134","88","70","83","108","100","47","54","88","92","-35","88","49","99","72","64","84","87","92","85","81"
"84","-480","74","68","66","68","91","32","-479","61","105","72","76","88","88","84","-467","-491","-459","103","62","80","75","84","49","67","79","79","93","78","65","60","84","87","83","77","69","63","86","89"
"36","77","81","-20","87","84","63","73","82","81","39","85","81","36","110","54","123","130","89","-32","83","82","-300","94","104","103","149","84","84","82","114","-95","91","62","65","55","86","86","86","-443"
"98","-256","70","69","87","106","78","80","-474","-493","-503","95","68","82","63","61","83","65","83","115","-484","98","56","105","158","73","91","82","80","87","9","95","79","103","40","83","80","53","84","108"
"72","74","70","77","82","83","84","114","99","96","55","146","85","75","72","81","121","94","91","61","165","89","-348","85","108","-382","100","82","104","162","90","91","83","100","111","-149","91","64","84","130"
"85","85","79","83","90","-171","97","73","79","67","84","89","78","91","86","-384","75","65","80","79","85","84","84","82","107","100","46","84","41","87","84","79","87","109","97","58","91","151","87","85"
"88","81","-284","-81","94","54","94","152","86","91","86","84","120","110","78","89","78","59","88","83","85","84","-176","99","66","71","86","76","83","85","78","104","-459","97","66","71","169","81","89","38"
"44","81","111","-83","98","56","108","159","88","88","70","81","86","-400","99","77","63","78","86","83","81","68","89","77","94","105","111","59","75","79","83","41","97","88","52","140","86","77","120","95"
"55","52","55","107","90","47","84","81","-293","120","65","133","115","89","84","79","87","34","94","57","141","87","85","86","112","-444","85","53","112","62","88","80","75","84","-473","66","55","102","91","88"
"-231","72","79","-459","99","101","124","78","55","33","83","86","-484","96","65","80","141","85","87","38","81","97","105","79","69","138","86","82","83","87","102","60","147","148","89","79","78","86","-302","67"
"59","96","152","82","65","82","81","99","79","93","96","86","85","86","84","79","-508","62","63","108","86","85","82","80","100","95","91","56","97","81","-417","51","100","80","62","123","72","91","76","87"
"86","-177","104","67","60","73","87","88","83","96","113","-140","69","61","90","158","87","85","83","81","97","101","74","91","71","69","91","78","53","-474","81","71","61","63","86","87","-11","121","-212","101"
"81","53","97","67","82","-83","86","-376","98","57","66","77","74","74","66","35","77","82","75","67","71","85","87","81","92","107","62","102","126","90","81","83","91","-503","105","59","80","142","84","87"
"65","75","97","79","100","74","80","84","75","81","-485","69","61","79","89","86","87","-121","-135","-510","102","58","97","151","86","86","80","80","-478","100","75","60","70","79","86","78","-104","-274","108","58"
"101","123","96","55","64","-490","93","84","101","82","55","79","79","80","-421","102","69","59","83","81","85","81","84","-378","103","135","114","78","80","86","71","-449","59","51","112","49","80","71","88","-125"
"103","63","80","51","85","86","83","85","94","53","54","99","52","58","47","62","-476","101","67","60","50","86","83","93","97","-413","84","106","60","78","91","84","53","90","84","112","95","59","85","88"
"90","-446","104","64","74","141","82","86","93","93","-353","83","117","93","53","80","75","91","-260","103","59","75","92","86","84","81","95","-488","88","47","121","79","83","62","78","-397","100","73","59","83"
"79","82","79","-2","109","105","46","80","49","78","-124","-91","-43","89","86","53","75","60","-508","61","17","96","96","58","141","87","-75","71","117","104","39","54","86","84","77","81","91","104","50","52"
"108","93","87","77","81","-485","51","46","117","54","56","71","69","-152","99","90","-334","-487","105","53","128","86","77","84","90","-504","60","53","114","93","85","52","91","-483","-500","91","109","112","80","-466"
"85","-19","132","82","83","56","84","82","-13","66","111","108","103","54","63","89","54","-428","-482","77","109","103","66","44","118","88","85","81","94","-501","54","50","128","55","-293","26","56","104","101","78"
"96","68","67","82","82","78","-206","78","66","75","127","85","-366","75","111","87","76","49","55","87","83","89","96","-300","86","54","73","97","80","58","45","-499","47","41","113","91","80","59","82","-301"
"66","55","80","111","86","80","81","71","88","52","54","93","80","87","94","91","88","94","38","115","85","81","-479","13","114","72","62","72","93","72","55","-24","73","94","84","51","86","81","86","82"
"89","-465","67","58","89","71","-138","67","75","-76","84","81","59","84","39","86","99","98","-78","47","38","103","83","-393","56","75","-7","50","47","110","82","85","48","57","-508","64","53","93","76","-52"
"62","83","77","65","55","97","72","-67","-459","47","-480","101","77","95","72","95","-25","76","78","-480","51","42","155","82","79","63","80","4","50","43","126","43","38","74","76","105","102","60","115","125"
"92","-31","65","56","113","47","49","89","101","-236","28","83","104","45","80","36","80","75","75","-476","69","64","77","151","85","-286","66","-464","-452","85","97","57","84","-381","74","97","0","81","112","76"
"80","87","-471","45","-472","58","47","127","39","52","78","93","-366","105","51","111","135","87","85","94","122","106","68","66","116","92","64","77","77","-416","63","59","112","89","86","83","83","88","42","88"
"99","96","85","66","90","187","96","77","61","-86","-365","81","74","64","80","86","87","78","52","-85","100","81","56","143","84","89","-98","87","101","63","77","141","88","80","82","-147","88","78","53","100"
"90","79","29","83","49","102","77","107","72","80","84","88","91","-455","100","66","65","88","88","88","-208","85","-334","101","69","65","91","61","83","70","82","128","79","69","59","152","87","51","94","100"
"-504","83","110","78","83","82","78","78","-329","61","54","110","140","-458","-103","87","109","97","40","62","73","86","54","72","-431","77","66","67","71","86","-253","85","-488","109","56","78","177","89","72","-7"
"79","-64","103","84","53","99","55","83","-464","75","91","-496","97","92","49","103","88","84","78","84","92","68","62","136","85","-65","93","103","-2","78","108","83","50","85","92","98","-436","99","42","132"
"117","85","71","26","115","108","54","75","149","83","-22","69","108","107","62","73","132","23","-121","41","123","81","71","56","78","99","80","80","-449","80","68","56","67","91","85","81","94","-483","92","49"
"87","81","-2","82","61","65","53","90","81","-415","-62","56","130","104","66","66","87","88","72","93","101","103","77","80","109","78","83","83","127","103","59","68","74","95","78","83","93","-398","52","50"
"104","83","78","-86","106","-165","107","57","97","123","85","81","83","-285","94","44","136","89","83","66","77","105","57","80","117","90","35","51","-262","102","91","-90","76","77","74","99","95","83","106","96"
"85","35","20","83","104","-496","99","47","118","66","55","82","-490","111","112","-457","55","54","105","89","89","70","81","79","119","98","90","55","102","87","88","66","81","-473","92","55","113","161","94","77"
"-508","-25","59","-390","106","79","65","74","79","50","76","82","85","87","79","62","72","81","-385","80","41","95","83","62","62","86","84","81","86","-257","108","80","64","94","89","80","-442","80","94","-430"
"93","56","98","153","88","86","40","82","90","72","63","69","81","90","74","79","92","-484","97","68","78","74","84","82","84","83","95","80","65","69","133","83","80","84","80","-211","59","54","100","74"
"86","78","80","93","91","79","54","62","83","87","-470","106","-426","101","51","65","171","86","83","87","110","-169","-444","85","46","112","105","90","77","84","93","-424","96","53","103","102","85","54","80","91"
"102","54","86","83","87","84","120","72","62","67","123","83","81","80","96","-431","48","49","106","87","83","84","88","-387","102","61","80","143","90","54","95","93","-458","50","46","108","58","44","-392","83"
"124","78","72","57","82","81","-295","54","83","56","70","62","81","88","80","-42","74","96","73","65","67","137","85","73","81","107","112","54","65","55","79","78","79","98","101","53","62","72","82","56"
"91","93","22","77","111","80","73","78","81","96","-322","49","48","116","87","84","82","66","-476","95","45","100","55","67","86","93","80","100","56","109","133","93","78","82","-274","77","105","83","84","-336"
"92","92","32","50","48","115","93","80","82","83","100","116","76","67","128","85","83","-436","-511","86","54","93","88","80","101","88","88","82","60","-508","-512","72","65","81","84","92","70","2","79","-438"
"100","59","112","74","84","-326","-375","-477","111","66","67","69","90","-480","-498","-509","106","65","155","161","88","81","82","125","104","58","70","65","88","84","82","97","-377","74","49","55","80","84","-478","107"
"83","100","55","65","86","85","-202","-441","110","99","63","64","110","85","52","72","80","-355","90","82","62","73","88","77","79","80","-444","95","63","71","61","82","83","-483","-337","-475","98","68","62","61"
"83","84","27","69","87","103","80","64","36","94","84","85","84","105","87","85","60","89","84","75","77","89","-476","90","54","141","81","83","-304","58","-151","102","70","66","157","84","60","64","89","104"
"60","110","64","-348","-6","91","94","67","58","82","93","86","-213","101","95","101","54","66","72","88","71","69","95","-503","92","57","95","149","86","88","91","94","-451","61","55","104","86","86","-257","-75"
"109","107","67","73","50","-239","-62","83","-476","66","56","90","167","4","-454","-416","-511","110","37","60","177","84","-334","-509","-511","115","65","96","63","84","58","87","-475","106","71","70","134","83","11","90"
"-450","102","81","54","104","80","-467","-492","-511","112","78","78","151","84","-334","-502","-501","106","63","75","139","85","39","-481","-507","-512","100","102","55","117","87","84","-380","-425","103","101","81","51","97","53"
"84","-29","122","-387","106","52","63","56","86","-122","53","95","35","49","48","94","55","-472","-493","65","-492","109","46","95","46","87","21","92","96","-446","50","48","101","86","79","-459","113","-182","111","68"
"68","73","81","83","91","94","-395","92","117","-68","102","97","84","100","85","148","85","80","39","108","95","60","62","96","47","82","77","51","102","100","52","105","78","40","36","92","26","64","58","80"
"83","83","85","87","77","99","103","55","87","118","87","56","40","88","-216","94","66","75","61","80","85","82","84","127","94","80","61","73","68","86","80","81","116","105","52","69","128","90","66","84"
"89","-363","98","50","118","64","83","75","90","108","-470","54","53","108","84","81","-476","-40","-461","112","65","64","83","92","69","-200","88","-316","50","51","120","32","76","78","91","-424","105","63","76","133"
"91","84","45","-399","-471","-492","102","51","73","65","86","75","80","94","104","78","94","67","85","84","71","70","-74","94","98","121","74","59","-47","-16","83","83","72","60","90","68","76","70","36","101"
"85","53","49","83","80","84","119","59","51","122","90","84","78","-474","-100","99","86","59","57","86","73","-416","88","103","55","145","67","81","82","90","111","-470","42","44","76","80","84","47","59","-500"
"57","48","113","63","51","-425","-442","-467","64","57","90","85","88","63","-457","87","-74","41","40","89","89","-280","-469","85","97","95","50","95","79","82","-35","68","106","96","57","155","135","88","76","105"
"-442","119","71","101","63","86","23","102","-360","122","68","66","99","83","38","-512","-512","-513","99","59","82","158","83","79","-67","90","-359","101","46","133","40","85","76","-401","16","103","78","51","94","62"
"75","-355","-5","103","54","130","64","84","-314","91","107","-458","56","60","113","67","-450","-485","75","104","113","66","59","119","86","50","-164","-467","93","-503","101","63","78","57","55","85","77","-477","-511","103"
"82","52","96","62","86","65","-480","-512","-468","87","81","58","45","90","-498","78","-502","105","51","159","87","-403","125","-323","104","54","69","78","89","-509","-510","-420","96","82","40","78","86","75","-505","-466"
"83","117","89","52","84","-505","52","-487","105","54","93","131","90","80","-243","74","-472","44","48","92","85","84","94","108","109","73","85","49","94","73","79","123","113","68","200","105","87","13","93","-468"
"64","51","95","126","-289","-383","82","-481","64","56","92","166","83","-291","-486","-512","98","54","109","76","80","-511","-512","-512","98","46","131","74","76","67","127","128","100","49","81","33","86","-54","-444","-352"
"107","57","88","146","85","80","99","109","57","75","60","59","86","83","-179","96","89","37","41","81","94","84","-509","-510","73","46","53","72","83","84","-509","-511","44","45","51","82","83","76","-512","-512"
"-513","93","45","105","38","76","-475","-462","-500","100","40","164","59","76","-256","-456","-496","92","92","49","100","77","85","79","90","-303","39","39","83","80","-469","77","98","111","41","61","127","93","-507","-509"
"-512","85","69","41","165","88","9","59","127","77","64","66","80","95","81","84","53","117","52","69","78","91","63","73","134","115","65","94","145","81","-352","106","123","109","71","82","135","84","43","-416"
"115","51","138","122","81","-483","115","117","101","63","78","139","86","83","90","134","73","63","73","130","84","83","88","108","96","85","58","91","66","83","85","88","107","106","51","53","101","57","85","90"
"88","118","118","84","94","107","79","85","85","88","134","88","77","63","92","83","84","87","97","95","97","58","83","120","88","86","83","94","94","94","59","97","88","79","84","87","113","114","86","89"
"75","87","83","93","100","125","75","61","76","86","87","85","98","100","96","87","115","94","72","79","92","98","102","90","103","107","45","81","86","89","133","62","54","101","84","81","89","116","121","120"
"64","91","65","86","85","86","123","114","60","78","154","88","83","81","138","108","74","100","153","85","86","133","144","110","60","73","153","90","84","86","110","106","48","60","57","89","83","105","130","108"
"71","71","89","83","84","94","103","99","85","107","78","71","89","93","93","100","86","121","91","56","85","84","97","138","59","50","109","34","86","83","98","121","53","45","121","83","83","85","94","119"
"48","41","117","53","84","83","91","125","50","43","134","48","86","85","87","110","56","47","123","84","85","83","85","151","52","49","139","39","87","81","95","130","54","124","89","81","85","89","135","58"
"52","121","51","83","86","89","145","65","58","103","117","84","86","88","129","58","59","88","88","81","82","97","143","45","40","130","59","87","82","90","119","58","49","108","38","84","84","91","118","55"
"48","119","85","82","84","92","139","58","55","109","86","89","85","91","135","76","64","72","143","85","85","83","120","90","81","49","74","82","86","87","77","83","86","99","89","89","86","119","89","85"
"65","93","114","82","83","88","94","97","57","51","117","47","84","85","87","110","92","82","49","75","85","84","86","83","121","90","80","51","55","76","85","86","85","128","80","68","65","148","86","90"
"83","92","92","56","53","111","93","92","86","88","133","99","56","57","98","62","88","89","96","131","68","60","71","149","85","85","88","116","93","81","50","97","80","82","83","91","109","49","44","142"
"55","87","86","83","135","77","66","66","155","85","84","85","121","85","81","49","89","66","84","94","95","98","89","124","106","38","85","81","97","122","55","49","102","90","81","86","96","120","104","67"
"60","106","83","84","91","124","70","62","74","110","83","85","87","131","103","60","50","125","86","83","93","124","78","72","62","101","103","93","93","125","66","59","81","116","88","85","89","132","110","63"
"111","145","86","87","92","125","80","73","59","53","88","83","84","118","109","68","52","161","90","80","102","126","105","69","73","154","86","85","86","139","72","57","69","123","83","83","90","128","75","60"
"71","139","95","84","104","133","110","53","64","57","84","87","107","136","114","63","78","155","92","85","90","136","61","51","90","148","86","87","95","144","53","48","108","53","86","90","77","145","49","43"
"159","73","85","86","98","120","105","54","113","136","94","88","82","104","89","73","50","98","85","87","103","114","110","77","56","54","95","86","82","127","104","72","52","26","72","88","93","96","119","101"
"65","58","93","133","80","83","89","109","99","94","48","97","63","87","92","83","128","78","71","68","63","101","83","85","84","118","64","56","86","148","85","83","87","118","79","76","54","85","87","86"
"86","90","111","58","51","117","71","83","87","88","131","73","69","59","62","85","82","85","121","106","46","68","89","93","87","84","112","106","46","49","92","51","87","84","-297","121","101","60","73","121"
"81","87","85","97","107","98","50","159","93","85","86","116","127","113","65","97","133","83","82","89","130","81","74","57","56","95","85","96","118","108","81","53","13","94","85","85","94","111","55","50"
"118","56","88","87","77","129","64","58","79","158","84","85","83","121","109","48","61","49","89","84","94","101","132","73","76","49","88","84","99","127","110","70","67","162","86","29","90","138","108","70"
"107","54","83","78","102","112","50","48","123","58","87","85","92","106","93","132","92","38","85","96","95","103","87","97","85","89","84","97","121","116","64","164","128","89","83","89","133","59","52","108"
"95","79","88","99","99","44","39","101","86","84","98","100","116","80","100","65","79","84","95","99","107","93","134","102","42","84","88","92","102","95","139","102","27","86","84","85","132","44","40","138"
"85","79","86","-451","99","96","72","65","151","87","88","85","128","61","49","115","39","87","88","61","128","68","55","70","116","82","82","89","130","74","66","70","79","94","84","87","116","94","76","43"
"50","90","83","84","115","104","52","60","62","87","111","108","52","57","74","88","85","86","87","105","101","55","52","104","94","85","85","85","91","96","66","59","87","121","83","82","88","93","102","90"
"47","133","92","83","84","89","93","118","103","67","66","30","71","88","83","85","123","101","65","80","76","93","87","83","91","103","81","48","122","190","90","84","94","101","92","86","68","86","97","87"
"87","89","115","100","90","36","109","89","84","91","119","73","58","95","90","84","84","89","-292","77","58","107","89","85","84","89","89","72","69","85","172","86","86","84","30","105","58","112","90","89"
"84","-370","101","-127","90","49","114","85","84","85","81","98","-322","83","121","100","38","47","82","89","131","75","71","70","58","86","85","85","91","94","49","46","126","87","77","87","82","137","63","52"
"92","92","82","84","84","129","66","55","73","135","87","81","80","123","79","72","54","52","82","89","88","108","117","38","37","83","70","84","93","95","99","87","43","68","89","85","86","92","118","43"
"46","90","90","88","94","106","116","77","96","58","72","85","93","90","105","84","104","80","80","87","95","97","125","76","88","92","83","86","90","108","120","73","80","76","81","45","95","125","125","66"
"77","128","90","84","84","131","110","48","82","136","87","81","82","131","100","58","79","116","85","51","82","138","100","73","91","166","88","80","91","125","104","52","123","138","95","84","82","93","109","46"
"53","76","89","80","70","97","105","48","49","105","88","86","86","98","97","49","45","105","85","84","-449","140","129","99","61","80","92","82","84","66","86","109","65","66","125","89","85","84","93","117"
"73","64","73","130","90","84","80","98","91","56","50","107","97","83","83","-433","124","107","57","74","62","87","87","84","92","93","59","53","102","90","84","84","105","126","-472","58","55","107","91","90"
"82","98","115","91","52","47","114","85","84","-26","93","93","88","90","104","96","77","81","84","67","111","-325","94","55","99","136","95","87","-486","-483","103","71","67","79","82","81","-79","90","134","68"
"53","92","79","83","83","86","114","80","74","64","64","83","85","-468","62","-374","110","68","65","67","73","83","84","83","97","98","80","58","59","84","86","82","97","98","49","77","34","87","87","116"
"125","106","59","110","93","87","86","92","-350","90","56","98","23","84","71","-467","-490","113","59","70","140","86","84","82","119","106","57","65","54","88","84","91","96","88","89","102","81","51","83","83"
"81","125","76","71","75","90","90","86","82","93","100","94","56","157","82","87","83","99","118","75","102","71","70","87","84","85","98","48","49","108","89","77","85","85","-127","105","69","62","159","88"
"85","82","85","114","66","55","81","89","91","90","81","130","68","63","74","124","85","85","86","102","116","52","74","69","89","83","97","100","-107","77","96","82","53","82","86","88","115","94","108","123"
"46","84","88","85","-342","60","62","85","136","91","86","-506","-509","93","53","50","113","43","83","71","87","127","80","72","66","77","86","87","83","92","88","49","49","102","83","86","85","79","-474","108"
"74","71","70","85","87","87","94","106","89","88","82","83","86","86","67","95","62","133","92","90","81","88","93","-461","51","43","122","87","80","86","84","93","85","83","95","78","72","82","81","77"
"-472","75","67","66","141","87","85","81","99","-17","48","52","85","68","85","84","90","-325","96","65","73","142","80","85","86","93","124","110","63","69","82","98","83","96","97","97","81","95","63","82"
"88","88","97","134","59","51","120","90","65","79","87","122","78","69","65","60","87","81","82","87","-139","98","53","148","103","84","82","104","130","112","68","61","83","85","83","94","106","108","71","73"
"141","86","80","87","135","68","60","80","86","85","80","83","-462","52","44","131","82","80","86","95","-459","93","39","95","65","77","82","-478","-497","101","41","117","15","84","-462","80","-477","45","38","104"
"80","82","79","93","-501","93","43","94","48","84","80","97","-179","99","44","56","57","82","95","103","-378","93","42","96","76","83","83","101","119","58","76","165","91","80","83","-437","47","43","143","45"
"83","84","89","-479","109","46","111","155","90","82","126","-258","116","57","164","153","86","80","93","-484","84","38","155","32","77","85","-481","-499","105","49","130","100","81","74","-487","96","44","173","66","83"
"82","87","-431","49","43","164","76","78","39","87","-497","101","43","146","139","96","83","106","147","118","43","156","35","83","85","97","-143","37","36","81","88","89","65","-265","52","49","118","79","79","80"
"84","118","66","52","109","35","80","83","44","115","64","52","97","84","84","116","104","66","91","183","87","83","91","-435","51","45","111","78","88","81","97","-466","50","52","83","102","88","104","132","128"
"51","136","138","85","79","89","-466","110","41","134","112","86","80","92","-155","52","45","122","34","80","76","97","51","39","46","83","78","85","86","92","-498","90","84","93","84","85","96","124","116","54"
"139","119","96","79","82","115","50","146","83","79","85","96","-463","91","42","99","24","71","91","101","-110","49","41","107","81","89","95","93","-21","82","92","62","87","82","100","122","119","42","66","146"
"93","79","87","128","131","60","125","130","82","78","84","-481","120","47","128","143","84","80","94","-466","37","32","81","74","79","98","130","124","53","80","112","91","65","89","-460","105","34","84","44","73"
"80","97","43","36","48","75","90","82","82","133","115","112","163","34","82","82","96","-495","101","37","149","42","77","83","86","-477","93","51","150","91","81","83","95","-495","101","44","54","43","81","81"
"91","-493","102","34","105","22","71","80","-181","-464","106","36","113","65","80","85","97","100","98","42","126","49","74","82","82","133","65","56","87","164","85","85","85","-56","65","52","103","36","80","41"
"81","-475","113","54","-22","208","92","82","92","-457","103","45","131","77","84","47","130","-337","113","52","147","62","83","81","84","-480","104","40","157","110","82","-54","87","43","119","58","126","151","85","-273"
"123","128","112","70","23","64","100","-97","-463","87","106","82","71","87","91","96","103","62","77","184","93","81","84","133","100","53","110","48","82","80","99","143","46","100","96","83","-484","80","158","53"
"48","105","157","82","82","92","6","34","28","84","88","28","63","112","129","52","72","92","86","-391","122","-448","106","53","87","77","88","83","83","-189","116","48","96","45","70","81","95","102","113","57"
