"-83","-151","-138","-138","-121","-111","-87","-102","-98","-175","-155","-135","-132","-119","-101","-109","-121","-159","-162","-144","-143","-134","-98","-91","-99","-102","-140","-165","-141","-122","-113","-94","-116","-116","-162","-159","-141","-129","-116","-115"
"-109","-115","-118","-133","-145","-159","-158","-90","-92","-95","-135","-159","-146","-134","-126","-81","-81","-74","-81","-88","-163","-146","-129","-121","-75","-79","-78","-86","-153","-151","-130","-101","-102","-99","-98","-158","-137","-120","-117","-108"
"-100","-104","-101","-144","-136","-130","-120","-114","-98","-109","-157","-146","-128","-128","-99","-96","-98","-96","-101","-156","-139","-122","-117","-99","-97","-155","-155","-152","-140","-132","-107","-111","-117","-162","-144","-131","-107","-121","-167","-145"
"-131","-123","-111","-112","-107","-109","-161","-161","-144","-135","-135","-125","-100","-103","-120","-157","-130","-107","-110","-156","-132","-132","-125","-120","-105","-110","-112","-158","-156","-138","-135","-125","-131","-107","-108","-106","-161","-154","-143","-141"
"-132","-122","-157","-161","-139","-135","-136","-128","-121","-101","-121","-159","-153","-149","-134","-133","-87","-138","-149","-140","-121","-120","-112","-106","-101","-124","-149","-126","-119","-101","-105","-110","-157","-144","-136","-122","-111","-114","-99","-105"
"-106","-104","-148","-145","-133","-131","-126","-114","-106","-102","-131","-158","-149","-136","-132","-121","-113","-103","-154","-153","-142","-135","-129","-119","-160","-154","-135","-121","-117","-114","-109","-109","-109","-110","-109","-74","-87","-95","-125","-159"
"-148","-141","-130","-123","-150","-156","-132","-121","-111","-147","-151","-147","-132","-122","-106","-111","-105","-148","-164","-149","-138","-137","-132","-111","-107","-109","-109","-161","-153","-140","-132","-134","-99","-119","-152","-155","-139","-132","-124","-103"
"-161","-164","-144","-138","-133","-127","-165","-155","-147","-139","-115","-117","-102","-156","-147","-136","-126","-122","-101","-112","-155","-161","-159","-154","-141","-129","-108","-112","-120","-158","-163","-147","-140","-137","-124","-102","-101","-161","-145","-136"
"-129","-131","-106","-148","-135","-128","-101","-103","-107","-158","-171","-172","-151","-123","-117","-107","-119","-153","-159","-147","-137","-130","-123","-98","-112","-146","-160","-158","-136","-130","-121","-121","-114","-105","-138","-159","-158","-154","-138","-121"
"-115","-138","-155","-168","-155","-132","-134","-122","-121","-133","-137","-138","-146","-169","-163","-155","-115","-99","-112","-146","-138","-126","-119","-119","-112","-122","-126","-162","-152","-131","-74","-76","-132","-144","-132","-125","-118","-108","-100","-102"
"-84","-134","-149","-124","-114","-104","-98","-86","-86","-84","-153","-130","-125","-117","-84","-89","-106","-129","-146","-133","-118","-81","-92","-113","-156","-150","-133","-126","-90","-87","-148","-151","-142","-134","-123","-106","-108","-101","-104","-121"
"-159","-161","-155","-140","-135","-97","-99","-105","-103","-143","-154","-143","-128","-116","-113","-105","-155","-157","-156","-140","-131","-77","-87","-145","-127","-116","-108","-106","-110","-156","-161","-155","-140","-127","-115","-117","-132","-172","-167","-160"
"-136","-122","-107","-106","-106","-105","-105","-98","-148","-152","-137","-125","-99","-159","-135","-132","-124","-117","-111","-100","-102","-100","-110","-163","-145","-129","-119","-101","-105","-109","-105","-147","-167","-160","-142","-126","-123","-112","-100","-107"
"-158","-145","-127","-124","-122","-113","-89","-99","-98","-111","-156","-161","-156","-144","-129","-123","-120","-99","-99","-111","-106","-157","-165","-149","-140","-137","-120","-107","-110","-154","-157","-135","-130","-119","-105","-104","-99","-110","-164","-161"
"-161","-151","-134","-100","-101","-102","-108","-121","-160","-157","-132","-132","-122","-112","-96","-98","-104","-126","-158","-150","-136","-102","-108","-113","-155","-153","-173","-146","-141","-101","-103","-109","-149","-158","-155","-148","-138","-121","-114","-114"
"-159","-154","-143","-132","-107","-167","-170","-154","-143","-137","-127","-114","-108","-108","-91","-97","-100","-142","-162","-164","-149","-136","-119","-117","-113","-173","-164","-156","-143","-136","-127","-112","-101","-105","-159","-161","-155","-141","-133","-115"
"-112","-104","-99","-103","-113","-117","-177","-166","-149","-143","-130","-120","-114","-166","-149","-145","-139","-130","-125","-112","-110","-175","-154","-145","-137","-127","-127","-123","-112","-122","-114","-119","-166","-156","-154","-143","-112","-105","-186","-169"
"-162","-145","-127","-118","-119","-117","-181","-169","-140","-135","-127","-128","-119","-117","-113","-166","-153","-130","-133","-121","-114","-115","-171","-170","-142","-145","-127","-160","-173","-148","-139","-119","-121","-116","-119","-131","-91","-91","-92","-92"
"-109","-158","-163","-141","-127","-125","-118","-104","-164","-150","-132","-123","-114","-117","-178","-155","-137","-121","-122","-115","-116","-126","-179","-164","-168","-141","-128","-116","-114","-111","-123","-167","-171","-162","-152","-145","-143","-132","-114","-172"
"-147","-138","-111","-118","-88","-138","-155","-138","-135","-130","-119","-76","-90","-110","-120","-152","-172","-148","-140","-140","-126","-119","-104","-146","-166","-158","-138","-130","-115","-115","-122","-160","-151","-140","-133","-109","-105","-108","-169","-164"
"-159","-143","-134","-121","-134","-168","-170","-153","-143","-128","-130","-115","-109","-109","-111","-125","-153","-175","-153","-148","-139","-125","-121","-114","-115","-128","-172","-142","-141","-140","-123","-117","-94","-90","-100","-121","-138","-167","-157","-146"
"-131","-120","-115","-110","-114","-159","-166","-155","-135","-134","-131","-116","-173","-172","-157","-140","-135","-126","-100","-107","-121","-167","-158","-148","-137","-133","-121","-113","-118","-119","-152","-164","-164","-137","-122","-116","-102","-99","-104","-161"
"-147","-137","-136","-127","-120","-112","-113","-103","-100","-108","-165","-162","-144","-137","-132","-120","-117","-103","-110","-160","-164","-157","-143","-138","-134","-123","-119","-114","-109","-109","-109","-108","-112","-114","-115","-130","-147","-155","-159","-163"
"-141","-129","-84","-89","-87","-84","-87","-108","-129","-153","-139","-127","-128","-117","-117","-155","-139","-110","-109","-112","-109","-112","-81","-95","-145","-144","-125","-112","-113","-111","-105","-112","-158","-138","-135","-116","-111","-105","-89","-90"
"-145","-158","-152","-140","-126","-88","-87","-86","-154","-150","-149","-129","-123","-112","-114","-108","-111","-102","-105","-153","-166","-135","-128","-85","-103","-108","-159","-138","-127","-123","-120","-111","-104","-114","-158","-156","-151","-137","-136","-114"
"-117","-92","-96","-100","-97","-108","-162","-164","-164","-146","-135","-106","-112","-116","-171","-167","-155","-143","-133","-116","-112","-117","-173","-173","-149","-142","-133","-123","-104","-122","-170","-174","-162","-149","-138","-131","-119","-93","-90","-105"
"-159","-163","-159","-139","-127","-98","-137","-158","-166","-151","-130","-130","-126","-76","-74","-76","-73","-110","-150","-149","-131","-123","-98","-98","-101","-156","-164","-148","-134","-127","-119","-114","-112","-162","-167","-146","-145","-126","-119","-78"
"-82","-96","-138","-120","-111","-90","-139","-157","-148","-131","-123","-120","-117","-96","-97","-162","-163","-147","-129","-132","-98","-92","-101","-103","-141","-164","-139","-133","-130","-119","-72","-73","-75","-146","-131","-126","-89","-101","-103","-160"
"-162","-146","-146","-125","-69","-78","-90","-103","-110","-142","-175","-170","-165","-151","-136","-114","-112","-102","-108","-105","-139","-168","-146","-131","-113","-109","-102","-110","-156","-177","-164","-156","-129","-122","-99","-119","-160","-150","-144","-133"
"-95","-99","-157","-157","-137","-132","-126","-111","-106","-109","-134","-162","-162","-151","-130","-132","-126","-120","-115","-116","-134","-158","-178","-147","-132","-122","-104","-100","-113","-150","-171","-169","-157","-141","-129","-128","-117","-103","-114","-169"
"-154","-167","-137","-134","-104","-106","-111","-147","-159","-159","-156","-134","-131","-122","-112","-108","-105","-107","-163","-142","-137","-128","-102","-109","-110","-167","-144","-137","-127","-121","-114","-113","-164","-151","-152","-123","-114","-121","-128","-131"
"-131","-153","-172","-124","-111","-127","-122","-120","-162","-136","-168","-137","-125","-100","-136","-162","-168","-133","-118","-113","-127","-122","-113","-154","-176","-159","-146","-106","-110","-105","-104","-106","-103","-103","-102","-103","-102","-90","-133","-148"
"-129","-118","-116","-116","-107","-106","-116","-149","-137","-125","-118","-87","-101","-142","-122","-112","-106","-90","-99","-103","-153","-166","-148","-140","-128","-114","-109","-102","-106","-164","-157","-135","-117","-100","-107","-113","-168","-175","-163","-132"
"-108","-107","-110","-108","-163","-170","-143","-136","-124","-106","-107","-154","-183","-175","-155","-123","-101","-103","-101","-103","-144","-157","-177","-150","-127","-126","-121","-103","-99","-107","-119","-121","-170","-158","-136","-125","-105","-115","-106","-113"
"-112","-165","-164","-145","-134","-114","-117","-111","-152","-169","-160","-155","-134","-123","-119","-124","-112","-161","-171","-161","-136","-136","-126","-163","-116","-112","-95","-94","-95","-108","-111","-110","-143","-155","-140","-140","-120","-88","-102","-193"
"-173","-152","-145","-124","-113","-106","-111","-109","-161","-170","-146","-132","-126","-121","-117","-111","-141","-160","-139","-117","-117","-104","-156","-158","-131","-123","-115","-116","-128","-115","-122","-167","-157","-127","-114","-110","-169","-159","-151","-130"
"-126","-124","-108","-106","-166","-165","-134","-129","-129","-111","-104","-128","-170","-154","-132","-124","-122","-112","-103","-109","-158","-167","-149","-144","-133","-119","-116","-141","-155","-170","-141","-129","-122","-119","-100","-110","-159","-169","-167","-139"
"-130","-118","-106","-130","-161","-160","-145","-128","-117","-113","-112","-166","-161","-132","-133","-126","-149","-140","-122","-114","-117","-131","-165","-142","-130","-122","-128","-123","-135","-159","-143","-126","-123","-118","-159","-163","-168","-144","-129","-124"
"-127","-138","-165","-132","-120","-123","-119","-122","-116","-150","-167","-160","-142","-127","-110","-163","-173","-146","-130","-126","-117","-119","-118","-132","-165","-133","-113","-111","-105","-109","-106","-84","-84","-96","-108","-100","-84","-93","-125","-138"
"-158","-144","-130","-113","-117","-114","-110","-176","-170","-160","-141","-138","-101","-97","-103","-99","-152","-154","-133","-123","-101","-110","-112","-148","-185","-172","-132","-113","-112","-140","-161","-156","-138","-128","-116","-161","-150","-164","-137","-129"
"-121","-109","-140","-173","-157","-135","-129","-119","-109","-120","-163","-159","-136","-133","-120","-118","-119","-108","-102","-114","-164","-150","-141","-128","-118","-132","-107","-110","-116","-126","-168","-154","-131","-128","-131","-120","-116","-166","-164","-153"
"-124","-122","-113","-115","-118","-152","-163","-165","-148","-133","-115","-115","-119","-113","-162","-154","-136","-128","-105","-100","-111","-159","-162","-155","-137","-131","-119","-110","-109","-112","-166","-153","-135","-134","-127","-112","-108","-162","-167","-157"
"-142","-128","-100","-112","-110","-156","-146","-130","-125","-110","-112","-114","-108","-142","-155","-143","-129","-123","-107","-106","-161","-141","-138","-133","-115","-82","-87","-99","-115","-148","-163","-139","-132","-105","-98","-107","-121","-177","-182","-148"
"-132","-127","-101","-102","-206","-159","-148","-137","-129","-88","-98","-102","-101","-120","-126","-178","-161","-151","-135","-98","-109","-109","-118","-175","-172","-161","-135","-131","-96","-102","-213","-176","-150","-144","-127","-115","-114","-114","-119","-174"
"-175","-139","-134","-121","-113","-125","-167","-161","-144","-133","-126","-120","-120","-112","-162","-163","-161","-145","-121","-112","-112","-114","-125","-120","-130","-170","-171","-128","-124","-126","-111","-111","-112","-125","-162","-171","-165","-151","-135","-121"
"-114","-118","-112","-144","-172","-172","-148","-137","-131","-112","-114","-105","-153","-178","-172","-140","-140","-120","-112","-98","-98","-95","-126","-178","-175","-160","-149","-130","-103","-103","-132","-186","-172","-160","-142","-133","-73","-87","-202","-193"
"-148","-137","-122","-56","-86","-110","-198","-194","-176","-154","-140","-117","-30","-32","-52","-88","-200","-159","-160","-145","-125","-69","-102","-199","-167","-136","-134","-124","-38","-57","-52","-90","-210","-160","-157","-143","-126","-114","-112","-123"
"-207","-157","-143","-124","-110","-65","-211","-192","-167","-168","-146","-138","-119","-1","-9","-4","-6","-18","-73","-153","-183","-179","-167","-167","-138","-124","-116","-23","-25","-45","-73","-121","-196","-178","-177","-162","-140","-128","-117","-91"
"-50","-58","-71","-94","-180","-171","-163","-149","-132","-82","-75","-72","-99","-213","-182","-167","-149","-134","-121","-88","-111","-206","-134","-137","-122","-87","-90","-197","-160","-155","-138","-135","-121","-68","-78","-115","-184","-168","-151","-142"
"-141","-47","-57","-103","-116","-204","-155","-154","-143","-56","-75","-63","-72","-94","-203","-159","-147","-142","-63","-58","-65","-61","-71","-122","-186","-168","-150","-140","-128","-45","-50","-39","-58","-83","-205","-197","-155","-149","-146","-41"
"-52","-65","-98","-193","-158","-133","-131","-77","-102","-72","-75","-74","-71","-109","-176","-175","-152","-150","-128","-63","-61","-55","-62","-57","-55","-57","-69","-72","-75","-77","-78","-79","-80","-76","-77","-32","-36","-35","-40","-58"
"-121","-167","-143","-124","-118","-104","-92","-73","-78","-81","-100","-186","-192","-159","-136","-123","-105","-103","-100","-118","-200","-155","-151","-136","-124","-110","-105","-120","-194","-177","-151","-70","-109","-38","-35","-36","-36","-50","-98","-175"
"-158","-143","-135","-118","-106","-62","-60","-65","-81","-111","-113","-174","-147","-144","-130","-119","-73","-73","-86","-88","-175","-164","-149","-135","-134","-117","-68","-75","-93","-99","-190","-188","-162","-151","-132","-66","-76","-99","-213","-175"
"-160","-160","-143","-120","-119","-105","-47","-50","-59","-64","-99","-191","-221","-175","-153","-143","-133","-101","-97","-42","-47","-65","-107","-188","-190","-171","-166","-143","-130","-112","-39","-55","-72","-151","-201","-173","-154","-140","-127","-105"
"-89","-37","-32","-33","-79","-126","-205","-172","-160","-148","-122","-102","-32","-31","-33","-40","-52","-118","-213","-199","-161","-144","-128","-111","-61","-70","-205","-184","-158","-160","-133","-128","-114","-95","-72","-68","-62","-64","-78","-101"
"-106","-198","-183","-167","-152","-132","-113","-97","-87","-48","-54","-52","-61","-64","-103","-182","-191","-170","-164","-143","-127","-108","-97","-90","-89","-14","-15","-21","-28","-43","-107","-141","-205","-184","-169","-160","-143","-113","-100","-93"
"-90","-31","-40","-43","-45","-57","-83","-77","-110","-176","-202","-177","-158","-135","-122","-105","-95","-49","-51","-53","-74","-144","-190","-197","-193","-174","-166","-134","-125","-122","-101","-44","-52","-60","-89","-168","-194","-173","-162","-148"
"-122","-119","-106","-50","-59","-62","-75","-108","-224","-185","-165","-139","-127","-114","-51","-55","-68","-102","-207","-187","-173","-147","-127","-124","-115","-61","-100","-204","-181","-164","-153","-150","-140","-125","-97","-93","-127","-188","-183","-154"
"-142","-117","-115","-101","-41","-57","-60","-83","-190","-192","-174","-146","-135","-113","-100","-68","-66","-64","-74","-96","-187","-207","-172","-170","-145","-122","-109","-91","-98","-120","-206","-185","-163","-142","-144","-126","-91","-100","-102","-107"
"-141","-147","-187","-179","-168","-164","-157","-141","-122","-110","-107","-99","-118","-121","-141","-177","-175","-158","-147","-136","-124","-112","-99","-101","-113","-144","-178","-173","-153","-145","-132","-116","-87","-95","-115","-219","-183","-164","-147","-145"
"-129","-131","-80","-78","-84","-112","-112","-202","-191","-174","-162","-147","-133","-114","-105","-53","-71","-104","-100","-215","-194","-169","-159","-151","-149","-144","-132","-114","-60","-64","-65","-80","-108","-125","-203","-185","-193","-190","-187","-164"
"-156","-130","-106","-105","-50","-59","-58","-71","-88","-137","-194","-182","-167","-158","-141","-123","-110","-98","-102","-94","-91","-90","-91","-88","-97","-145","-185","-176","-162","-167","-154","-141","-124","-110","-96","-95","-83","-85","-88","-99"
"-137","-220","-201","-174","-160","-155","-128","-112","-99","-80","-78","-81","-88","-124","-123","-164","-198","-182","-162","-149","-136","-117","-106","-104","-101","-90","-98","-132","-150","-180","-186","-161","-155","-132","-128","-116","-102","-9","-13","-17"
"-18","-7","-16","-17","-23","-60","-129","-200","-180","-166","-149","-131","-111","-86","-94","-92","-108","-112","-151","-188","-159","-156","-150","-147","-131","-97","-96","-100","-120","-181","-167","-162","-156","-150","-142","-121","-104","-67","-67","-68"
"-85","-114","-204","-204","-182","-175","-154","-137","-126","-108","-98","-66","-64","-61","-68","-77","-99","-135","-207","-184","-171","-154","-134","-119","-109","-93","-69","-62","-75","-86","-116","-207","-180","-166","-164","-147","-125","-117","-95","-92"
"-118","-216","-201","-185","-175","-155","-142","-129","-105","-68","-70","-68","-67","-70","-81","-104","-195","-198","-191","-179","-163","-146","-133","-116","-99","-91","-93","-72","-74","-81","-89","-120","-203","-198","-188","-185","-165","-154","-143","-123"
"-110","-100","-90","-90","-94","-100","-139","-183","-185","-168","-147","-137","-119","-106","-92","-98","-100","-106","-192","-186","-181","-170","-158","-144","-135","-114","-136","-198","-183","-167","-166","-151","-141","-116","-104","-97","-96","-108","-121","-140"
"-200","-191","-172","-153","-148","-124","-102","-90","-49","-48","-56","-70","-86","-124","-210","-193","-188","-177","-165","-150","-135","-120","-108","-99","-99","-94","-91","-84","-83","-80","-83","-118","-132","-192","-186","-183","-178","-181","-164","-150"
"-132","-123","-98","-92","-76","-71","-72","-74","-102","-116","-198","-179","-184","-168","-141","-126","-113","-93","-86","-61","-60","-55","-57","-73","-123","-139","-187","-181","-172","-150","-155","-141","-142","-127","-119","-106","-92","-89","-80","-80"
"-82","-69","-76","-98","-113","-139","-148","-169","-193","-168","-167","-160","-142","-135","-120","-100","-89","-77","-82","-74","-75","-80","-88","-110","-137","-213","-199","-185","-179","-169","-151","-138","-127","-115","-98","-59","-67","-65","-78","-85"
"-108","-126","-139","-178","-96","-93","-93","-97","-115","-120","-131","-163","-154","-158","-133","-128","-127","-118","-116","-113","-117","-114","-120","-129","-124","-127","-124","-130","-129","-163","-183","-174","-172","-157","-171","-137","-121","-107","-97","-90"
"-98","-104","-93","-105","-100","-127","-142","-140","-165","-169","-167","-148","-130","-104","-88","-83","-75","-63","-61","-62","-47","-51","-57","-71","-94","-151","-127","-117","-117","-104","-89","-69","-52","-62","-66","-74","-83","-95","-174","-166"
"-166","-149","-142","-128","-113","-100","-93","-74","-67","-66","-67","-79","-81","-114","-110","-184","-185","-170","-163","-151","-146","-136","-117","-115","-88","-57","-53","-54","-51","-61","-73","-97","-195","-191","-170","-174","-169","-160","-131","-109"
"-99","-78","-76","-68","-74","-76","-76","-102","-96","-189","-193","-179","-182","-158","-132","-119","-100","-98","-76","-80","-65","-66","-82","-95","-194","-189","-177","-171","-162","-154","-123","-105","-96","-70","-78","-88","-114","-198","-185","-183"
"-175","-166","-153","-127","-113","-100","-79","-87","-152","-191","-187","-177","-156","-153","-144","-126","-118","-105","-74","-101","-98","-137","-201","-180","-158","-147","-128","-104","-99","-126","-196","-186","-169","-150","-152","-132","-111","-100","-89","-67"
"-73","-76","-97","-110","-186","-202","-183","-170","-152","-119","-116","-107","-101","-96","-82","-75","-85","-84","-89","-110","-130","-127","-188","-189","-179","-169","-163","-144","-136","-111","-100","-75","-69","-74","-79","-191","-189","-196","-175","-172"
"-162","-147","-134","-111","-101","-97","-92","-88","-84","-74","-80","-103","-121","-150","-194","-201","-181","-174","-155","-145","-132","-115","-81","-77","-81","-80","-77","-105","-164","-177","-200","-188","-169","-181","-180","-157","-166","-145","-132","-116"
"-92","-78","-80","-66","-75","-90","-106","-125","-186","-178","-174","-167","-155","-135","-123","-99","-94","-94","-105","-93","-89","-104","-121","-116","-193","-186","-186","-184","-153","-129","-124","-99","-91","-117","-116","-110","-114","-148","-192","-182"
"-167","-148","-143","-133","-121","-106","-108","-110","-100","-127","-125","-157","-183","-184","-167","-156","-136","-136","-128","-121","-127","-121","-129","-143","-201","-175","-173","-162","-163","-140","-127","-122","-120","-112","-117","-126","-122","-137","-182","-186"
"-180","-162","-154","-144","-132","-113","-126","-120","-114","-111","-129","-178","-174","-197","-195","-183","-148","-149","-136","-104","-106","-99","-119","-116","-166","-182","-173","-183","-168","-143","-133","-114","-103","-98","-103","-93","-144","-181","-171","-182"
"-154","-133","-117","-105","-99","-84","-118","-107","-104","-122","-132","-169","-163","-178","-153","-147","-143","-116","-106","-67","-75","-66","-74","-89","-103","-121","-184","-175","-165","-155","-155","-148","-149","-136","-117","-102","-95","-96","-88","-78"
"-72","-86","-100","-117","-119","-153","-185","-184","-172","-152","-130","-119","-107","-102","-97","-95","-95","-84","-104","-135","-181","-181","-176","-175","-165","-146","-117","-103","-95","-76","-67","-73","-79","-114","-176","-170","-164","-157","-145","-129"
"-118","-107","-100","-87","-94","-94","-86","-63","-71","-70","-99","-98","-120","-151","-185","-185","-179","-163","-140","-137","-130","-107","-94","-95","-77","-73","-102","-109","-194","-180","-184","-155","-145","-134","-113","-93","-89","-81","-65","-76"
"-84","-96","-123","-183","-183","-189","-192","-157","-145","-130","-106","-92","-94","-60","-92","-92","-100","-196","-188","-175","-162","-140","-125","-99","-94","-94","-95","-87","-92","-90","-94","-105","-180","-168","-171","-153","-155","-146","-125","-103"
"-93","-88","-80","-86","-79","-110","-191","-174","-175","-152","-125","-115","-114","-102","-99","-87","-84","-91","-86","-86","-93","-96","-130","-180","-166","-165","-162","-129","-126","-111","-90","-90","-88","-84","-94","-179","-174","-169","-162","-150"
"-134","-120","-92","-93","-85","-84","-109","-116","-108","-186","-163","-159","-152","-155","-158","-143","-123","-109","-88","-79","-94","-80","-90","-98","-119","-104","-188","-182","-172","-189","-177","-159","-144","-127","-106","-94","-92","-101","-77","-76"
"-86","-112","-139","-189","-187","-165","-168","-156","-133","-131","-116","-100","-103","-107","-110","-121","-128","-139","-199","-182","-182","-164","-158","-153","-153","-136","-110","-111","-113","-124","-120","-130","-185","-174","-171","-164","-158","-147","-127","-106"
"-105","-104","-100","-99","-115","-130","-163","-166","-181","-176","-170","-154","-134","-118","-129","-116","-118","-94","-89","-74","-72","-87","-107","-116","-194","-194","-180","-156","-156","-128","-125","-107","-108","-92","-99","-107","-144","-182","-173","-168"
"-160","-153","-130","-102","-99","-106","-80","-92","-104","-122","-128","-191","-170","-185","-171","-165","-145","-138","-112","-102","-95","-103","-91","-95","-109","-117","-152","-155","-158","-179","-162","-136","-136","-115","-104","-97","-82","-70","-75","-73"
"-91","-96","-103","-111","-144","-167","-168","-156","-160","-151","-147","-145","-124","-117","-103","-89","-87","-76","-90","-93","-103","-106","-127","-192","-180","-170","-176","-161","-149","-129","-122","-120","-94","-94","-106","-122","-148","-180","-179","-165"
"-163","-149","-137","-112","-101","-95","-75","-77","-73","-80","-85","-119","-168","-219","-196","-196","-182","-153","-157","-139","-124","-103","-102","-105","-86","-100","-115","-131","-136","-180","-173","-174","-182","-186","-171","-153","-138","-117","-108","-90"
"-95","-91","-77","-85","-111","-167","-173","-161","-152","-133","-113","-112","-108","-93","-78","-82","-89","-89","-123","-174","-171","-162","-158","-144","-142","-132","-118","-107","-93","-122","-134","-128","-153","-181","-171","-166","-155","-136","-125","-104"
